InventoryID,BorrowingLanguageGlottocode,BorrowedSound,SourceLanguageGlottocode,OnlyInLoanwords,Result,NewDistinction,Comments.x,Verified,Glottocode,LanguageName,BibTexKey,Filename,Contributor,Comments.y,PhoibleID,ClosestNeighbor,family_id,parent_id,name,bookkeeping,level,status,latitude,longitude,iso639P3code,description,markup_description,child_family_count,child_language_count,child_dialect_count,country_ids,glottocode,isocodes,macroarea,is_rhotic,to_analysis,another_native_rhotic,distinction_in_donor,source,rhotic_comment
5,agua1253,ɾ,"stan1288, huam1247",no,new phoneme,"tap, rhotic","there is a native phoneme /ɾ/, attested in very few words mostly onomatopeic which has an allophone /l/. the distinction between /ɾ/ and /l/ is saved in spanish loans. /ɾ/ appears in several names taken from Huambisa. the phoneme /ɾ/ is not associated with historical Chicham rhotic.",NA,agua1253,Aguaruna,overall2017aguaruna,NA,NA,NA,NA,NA,jiva1245,jiva1245,Aguaruna,FALSE,language,vulnerable,-5.30044,-77.9218,agr,NA,NA,0,0,0,PE,agua1253,agr,South America,TRUE,Yes,No,,overall2017aguaruna: 38-39,
6,musa1266,ɾ,tokp1240,no,phonologization of allophone,"flap, liquid",allophone of /d/ in native phonology,NA,musa1266,Aisi,daniels2015sogeram,NA,Einav Levanon,NA,NA,NA,nucl1709,aisi1234,Aisi,FALSE,language,definitely endangered,-5.37407,145.197,mmq,NA,NA,0,0,0,PG,musa1266,mmq,Papunesia,TRUE,Yes,No,,Daniels 2015: 771-772 (Aisi grammar sketch),
8,aleu1260,ɹ,stan1293,yes,new phoneme,rhotic,NA,Eitan Grossman,aleu1260,Aleut,bergsland1997aleut,NA,Elad Eisen,NA,NA,NA,eski1264,eski1264,Aleut,FALSE,language,definitely endangered,52.1228,-174.29,ale,NA,NA,0,0,2,RU US,aleu1260,ale,North America,TRUE,Yes,Yes,No,"Knut Bergsland, Aleut Grammar: 16-19",
32,nucl1310,r,pali1273,yes,new phoneme,unknown,NA,NA,nucl1310,Burmese,wheatley2003burmese,NA,Eitan Grossman,NA,NA,NA,sino1245,oldm1246,Burmese,FALSE,language,definitely endangered,20.7926,93.9665,mya,NA,NA,0,0,3,BD MM TH,nucl1310,mya,Eurasia,TRUE,Yes,No,,Wheatley (2003: 198-199),
36,cent2142,r,stan1288,yes,new phoneme,trill,NA,NA,cent2142,Central Aymara,hardman2001aymara,NA,NA,NA,NA,NA,ayma1253,nucl1667,Central Aymara,FALSE,language,vulnerable,-17,-68.5,ayr,NA,NA,0,0,0,AR BO CL PE,cent2142,ayr,South America,TRUE,Yes,Yes,Yes,Hardman 2001: 16-17,"[r̝] seems to be an allophone of /r/. /r/ contrasts with /ɾ/ (in the speech of bilinguals), the way it does in Spanish."
36,cent2142,r̝,"stan1288, quec1387",no,phonologization of allophone,trill,defined as 'voiced sibilant trill'. Appears also as an allophone of native /ɾ/ in the environment of /s/.,NA,cent2142,Central Aymara,hardman2001aymara,NA,NA,NA,NA,NA,ayma1253,nucl1667,Central Aymara,FALSE,language,vulnerable,-17,-68.5,ayr,NA,NA,0,0,0,AR BO CL PE,cent2142,ayr,South America,TRUE,Yes,Yes,Yes,Hardman 2001: 16-17,"[r̝] seems to be an allophone of /r/. /r/ contrasts with /ɾ/ (in the speech of bilinguals), the way it does in Spanish."
39,lish1247,ʁ,arab1395,yes,phonologization of allophone,to be checked,NA,NA,lish1247,Challa Neo-Aramaic (Jewish NENA),fassberg2010challa,NA,KurdistanDB,NA,NA,NA,afro1255,nort3242,Lishana Deni,FALSE,language,definitely endangered,31.7745,35.2225,lsd,NA,NA,0,0,8,IL,lish1247,lsd,Eurasia,TRUE,Yes,Yes,Yes,fassberg2010challa: 11-12,
41,chil1281,ɽ,stan1293,yes,new phoneme,to be checked,Found only in ad hoc borrowings (code-switches),NA,chil1281,Chiliwack,galloway1977chilliwack,NA,Eitan Grossman,NA,NA,NA,sali1255,halk1245,Chiliwack,FALSE,dialect,safe,NA,NA,NA,NA,NA,0,0,0,NA,chil1281,NA,North America,TRUE,Yes,No,,galloway1977chilliwack: 1:2,Not sure whether a trill or an approximant
44,chol1282,r,stan1288,yes,new phoneme,no,NA,NA,chol1282,Chol,vasquez2011chol,NA,Eitan Grossman,NA,NA,NA,maya1287,chol1281,Chol,FALSE,language,safe,17.4897,-92.4698,ctu,NA,NA,0,0,0,MX,chol1282,ctu,North America,TRUE,Yes,No,,vasquez2011chol: 35,
45,chol1284,r,stan1288,yes,new phoneme,to be checked,NA,NA,chol1284,Cholón,adelaar2004cholon,NA,Eitan Grossman,NA,NA,NA,hibi1242,hibi1242,Cholón,FALSE,language,extinct,-9.23129,-75.9621,cht,NA,NA,0,0,0,PE,chol1284,cht,South America,TRUE,Yes,No,,adelaar2004cholon: 464,
54,cupe1243,ɾ,tong1329,yes,new phoneme,tap,probably from Tongva via Luiseño,NA,cupe1243,Cupeño,hill2005cupeno,NA,NA,NA,NA,NA,utoa1244,cahu1263,Cupeño,FALSE,language,extinct,33.3148,-116.515,cup,NA,NA,0,0,0,US,cupe1243,cup,North America,TRUE,Yes,No,,"hill2005cupeno: 12, 17",
74,gant1244,ɾ,tokp1240,yes,new phoneme,rhotic,[ɾ] is an allophone of /t/ in native phonology.,NA,gant1244,Gants,daniels2015sogeram,NA,Einav Levanon,NA,NA,NA,nucl1709,east2767,Gants,FALSE,language,safe,-5.28113,144.771,gao,NA,NA,0,0,0,PG,gant1244,gao,Papunesia,TRUE,Yes,No,,daniels2015sogeram: 989-991,
83,guer1243,r,stan1288,yes,new phoneme,to be checked,NA,NA,guer1243,Guerrero Amuzgo,steward2000guerreroamuzgo,NA,Eitan Grossman,NA,NA,NA,otom1299,amuz1254,Guerrero Amuzgo,FALSE,language,vulnerable,16.77226,-98.18953,amu,NA,NA,0,0,0,MX,guer1243,amu,North America,TRUE,Yes,No,,steward2000guerreroamuzgo: 364-365,
83,guer1243,ɾ,stan1288,yes,new phoneme,to be checked,NA,NA,guer1243,Guerrero Amuzgo,steward2000guerreroamuzgo,NA,Eitan Grossman,NA,NA,NA,otom1299,amuz1254,Guerrero Amuzgo,FALSE,language,vulnerable,16.77226,-98.18953,amu,NA,NA,0,0,0,MX,guer1243,amu,North America,TRUE,Yes,No,,steward2000guerreroamuzgo: 364-365,
101,kala1399,ɹ̺,dani1285,yes,new phoneme,unknown,Apico-postalveolar voiced /r/,NA,kala1399,Kalaallisut,fortescue1984kalallisuut,NA,Eitan Grossman,NA,NA,NA,eski1264,gree1280,Kalaallisut,FALSE,language,vulnerable,69.3761,-52.864,kal,NA,NA,0,0,0,GL,kala1399,kal,Eurasia,TRUE,Yes,Yes,No,fortescue1984kalallisuut: 334-335,
103,kaur1271,ɽ,stan1306,yes,new phoneme,no,Source language: Papuan Malay?,NA,kaur1271,Kaure-Narau,auri1991kaure,NA,Einav Levanon,NA,NA,NA,NA,NA,Kaure-Narau,FALSE,language,definitely endangered,-3.39188,140.14,bpp,NA,NA,0,0,0,ID,kaur1271,bpp,Papunesia,TRUE,Yes,No,,auri1991kaure: 105,
116,komi1269,rʲ,russ1263,yes,unknown,unknown,NA,NA,komi1269,Komi-Permyak,majshev1940komi_permjak,NA,Dmitry Nikolaev,NA,NA,NA,ural1272,komi1267,Komi-Permyak,FALSE,language,vulnerable,59.6602,54.7959,koi,NA,NA,0,0,3,RU,komi1269,koi,Eurasia,TRUE,Yes,Yes,Yes,majshev1940komi_permjak: 9-10,
117,komi1277,rʲ,russ1263,yes,unknown,unknown,NA,NA,komi1277,Komi-Yazva,lytkin1961komi_yazva,NA,Dmitry Nikolaev,NA,NA,NA,ural1272,komi1267,Komi-Yazva,FALSE,language,definitely endangered,60.717,55.756,NA,NA,NA,0,0,0,RU,komi1277,NA,Eurasia,TRUE,Yes,Yes,Yes,lytkin1961komi_yazva: 35-36,
118,komi1268,rʲ,russ1263,yes,unknown,unknown,NA,NA,komi1268,Komi-Zyrian,lytkin1955komi,NA,Dmitry Nikolaev,NA,NA,NA,ural1272,komi1267,Komi-Zyrian,FALSE,language,critically endangered,64.0527,54.946,kpv,NA,NA,0,0,0,RU,komi1268,kpv,Eurasia,TRUE,Yes,Yes,Yes,lytkin1955komi: 14-16,
119,kona1242,ɾ,tokp1240,no,phonologization of allophone,no,"allophone of /ɭ/, appears as a separate phoneme only in names taken from Tok Pisin",NA,kona1242,Konai,aarsjo2016konai,NA,Einav Levanon,NA,NA,NA,east2433,east2433,Konai,FALSE,language,safe,-5.66011,142.069,kxw,NA,NA,0,0,0,PG,kona1242,kxw,Papunesia,TRUE,Yes,No,,aarsjo2016konai: 17-20,
135,maka1317,r,"macr1272, tetu1245",unknown,new phoneme,trill,NA,NA,maka1317,Makasai,correia2011makasae,NA,Einav Levanon,NA,NA,NA,timo1261,maka1316,Makasai,FALSE,dialect,safe,NA,NA,NA,NA,NA,0,0,0,NA,maka1317,NA,Papunesia,TRUE,Yes,Yes,Yes,"correia2011makasae: 25, 37-40",
137,mamm1241,ɾ,stan1288,mostly,new phoneme,tap,has an allophone /r/,NA,mamm1241,Mam,england1983mam,NA,NA,NA,NA,NA,maya1287,mame1240,Mam,FALSE,language,vulnerable,14.8034,-91.7231,mam,NA,NA,0,0,0,GT MX,mamm1241,mam,North America,TRUE,Yes,No,,"england1983mam: 24, 29",
150,miga1241,r,tokp1240,yes,phonologization of allophone,trill,allophone of /l/ in native phonology (northern dialect),NA,miga1241,Migabac,migabac2005mcevoy,NA,Einav Levanon,NA,NA,NA,nucl1709,moma1244,Migabac,FALSE,language,safe,-6.33237,147.713,mpp,NA,NA,0,0,3,PG,miga1241,mpp,Papunesia,TRUE,Yes,No,,"migabac2005mcevoy: 263-265, 283",
174,ocot1243,ɾ,stan1288,yes,new phoneme,no,NA,NA,ocot1243,Ocotepec Mixtec,alexander1988ocotepecmixtec,NA,Eitan Grossman,NA,NA,NA,otom1299,west2824,Ocotepec Mixtec,FALSE,language,vulnerable,17.1823,-97.751,mie,NA,NA,0,0,1,MX,ocot1243,mie,North America,TRUE,Yes,No,,alexander1988ocotepecmixtec: 158,
174,ocot1243,r,stan1288,yes,new phoneme,no,NA,NA,ocot1243,Ocotepec Mixtec,alexander1988ocotepecmixtec,NA,Eitan Grossman,NA,NA,NA,otom1299,west2824,Ocotepec Mixtec,FALSE,language,vulnerable,17.1823,-97.751,mie,NA,NA,0,0,1,MX,ocot1243,mie,North America,TRUE,Yes,No,,alexander1988ocotepecmixtec: 158,
178,olut1240,ɾ,stan1288,mostly,new phoneme,to be checked,"The phonemes /l/, /r/ and /rr/ only occur in onomatopoetic words, sound symbolic words and loan words. Source language: Spanish?",NA,olut1240,Oluta Popoluca,zavala2000olutec,NA,Eitan Grossman,NA,NA,NA,mixe1284,mixe1286,Oluta Popoluca,FALSE,language,severely endangered,17.8937,-94.8863,plo,NA,NA,0,0,0,MX,olut1240,plo,North America,TRUE,Yes,No,,zavala2000olutec: 10,
178,olut1240,r,unknown,mostly,new phoneme,to be checked,"The phonemes /l/, /r/ and /rr/ only occur in onomatopoetic words, sound symbolic words and loan words.",NA,olut1240,Oluta Popoluca,zavala2000olutec,NA,Eitan Grossman,NA,NA,NA,mixe1284,mixe1286,Oluta Popoluca,FALSE,language,severely endangered,17.8937,-94.8863,plo,NA,NA,0,0,0,MX,olut1240,plo,North America,TRUE,Yes,No,,zavala2000olutec: 10,
206,soch1239,ɾ,stan1288,no,new phoneme,tap,phoneme appears in onomatopeia and one explative,NA,soch1239,Sochiapam Chinantec,foris1993sochiapamchinantec,NA,NA,NA,NA,NA,otom1299,chin1486,Sochiapam Chinantec,FALSE,language,definitely endangered,17.7985,-96.6079,cso,NA,NA,0,0,0,MX,soch1239,cso,North America,TRUE,Yes,No,,foris1993sochiapamchinantec: 20-21,
217,sout2808,r,unknown,unknown,phonologization of allophone,to be checked,"[r] occurs as an allophone of /t/ and /d/ in postnasal contexts, but outside of those contexts it is clear Sotho-Tswana influence. Whether allophonic [n(d)r] occurred before the introduction of /r/ is unknown at this point, so whether this was a case of the introduction of a new phoneme or phonologization of an allophone is not certain. Source language: Northern Sotho or Tswana",NA,sout2808,Sumayela Ndebele,ndebele1959ziervogel,NA,Elad Eisen,NA,NA,NA,atla1278,ngun1276,Sumayela Ndebele,FALSE,language,safe,-25.6272,29.048,nbl,NA,NA,0,0,0,ZA,sout2808,nbl,Africa,TRUE,Yes,No,,"ndebele1959ziervogel: 17, 32-33",
235,tlac1235,ɾ,stan1288,mostly,new phoneme,to be checked,NA,NA,tlac1235,Tlachichilco Tepehua,watters1988tlachichilcotepehua,NA,Eitan Grossman,NA,NA,NA,toto1251,tepe1243,Tlachichilco Tepehua,FALSE,language,definitely endangered,20.704,-98.1947,tpt,NA,NA,0,0,0,MX,tlac1235,tpt,North America,TRUE,Yes,No,,watters1988tlachichilcotepehua: 488,
238,jeme1245,r,stan1288,yes,new phoneme,to be checked,Source language: Spanish?,NA,jeme1245,Towa,yumitani1998jemeztowa,NA,Eitan Grossman,NA,NA,NA,kiow1265,kiow1265,Towa,FALSE,language,definitely endangered,35.5994,-106.766,tow,NA,NA,0,0,0,US,jeme1245,tow,North America,TRUE,Yes,No,,yumitani1998jemeztowa: 10,
258,want1252,r,"stan1293, tokp1240",yes,new phoneme,trill,exact pronounciation is not given,NA,want1252,Wantoat,dangepnana2012wantoat,NA,Einav Levanon,NA,NA,NA,nucl1709,want1253,Wantoat,FALSE,language,definitely endangered,-6.15216,146.513,wnc,NA,NA,0,0,4,PG,want1252,wnc,Papunesia,TRUE,Yes,No,,dangepnana2012wantoat: 6,
285,assa1263,rʰ,sans1269,yes,new phoneme,no,[rʰ] is a Sanskrit remnant and occurs only in a select few words in the careful speech of educated people,NA,assa1263,Assamese,mahanta2012assamese,NA,Eitan Grossman,NA,NA,NA,indo1319,assa1262,Assamese,FALSE,language,safe,26.0876,91.2932,asm,NA,NA,0,0,4,BD BT IN,assa1263,asm,Eurasia,TRUE,Yes,Yes,Yes,mahanta2012assamese: 218-219,"from Sanskrit, which has distinctiove aspiration in its rhotics. see PHOIBLE"
291,wich1264,r,stan1288,yes,new phoneme,to be checked,(only attested in the loanword tractor > tractorwo),NA,wich1264,Wichí Lhamtés Güisnay (Misón La Paz dialect),1984_Avram2008,1984_Avram2008.pdf,Ezequiel Koile,NA,1984,NA,mata1289,wich1261,Wichí Lhamtés Güisnay,FALSE,language,vulnerable,-23.1633,-62.1757,mzh,NA,NA,0,0,0,AR BO PY,wich1264,mzh,South America,TRUE,Yes,No,,avram2008wichi: 80,
323,nubi1253,ɽ,"suda1235, stan1293",unknown,unknown,to be checked,"""The consonants in parentheses in the chart have a marginal status and occur in Arabic and English loanwords, or as the result of phonological processes.""",NA,nubi1253,Nubi,kcn_wellens2003,kcn_wellens2003_phon.pdf,Elad Eisen,NA,967,NA,afro1255,suda1235,Nubi,FALSE,language,definitely endangered,-0.183215,34.7552,kcn,NA,NA,0,0,0,KE UG US,nubi1253,kcn,Africa,TRUE,No,,,wellens2003nubi: 39,"doesn't seem to be borrowed, see wellens2003nubi: 39"
359,food1238,r,arab1395,yes,new phoneme,rhotic,NA,NA,food1238,Foodo,1310_foodo,foodo.pdf,Elad Eisen,NA,1310,NA,atla1278,giky1241,Foodo,FALSE,language,safe,9.56489,1.40486,fod,NA,NA,0,0,0,BJ TG,food1238,fod,Africa,TRUE,Yes,No,,plunkett2009foodo: 111,
371,anem1249,r,"lusi1240, kove1237, tokp1240",no,phonologization of allophone,rhotic,allophone of /d/ in native phonology.,NA,anem1249,Anem,"thurston1976anem, thurston1982anem",NA,Einav Levanon,NA,NA,NA,NA,NA,Anem,FALSE,language,definitely endangered,-5.54836,148.993,anz,NA,NA,0,0,0,PG,anem1249,anz,Papunesia,TRUE,Yes,No,,thurston1982anem: 91,
373,aral1243,ɾ,indo1316,no,phonologization of allophone,rhotic,allophone of /d/ in native phonology.,NA,aral1243,Aralle-Tabulahan,mckenzie1991aralletabulahan,NA,Einav Levanon,NA,NA,NA,aust1307,mata1312,Aralle-Tabulahan,FALSE,language,safe,-2.78397,119.319,atq,NA,NA,0,0,3,ID,aral1243,atq,Papunesia,TRUE,Yes,No,,"mckenzie1991aralletabulahan: 102-106, 147",
404,helo1243,r,"kupa1239, uabm1237",no,phonologization of allophone,rhotic,in young people's speech appears as an allophone of /d/.,NA,helo1243,Helong,steinhauer1996metathesis,NA,Einav Levanon,NA,NA,NA,aust1307,west2545,Helong,FALSE,language,vulnerable,-10.2647,123.377,heg,NA,NA,0,0,3,ID,helo1243,heg,Papunesia,TRUE,Yes,No,,steinhauer1996metathesis: 472,
406,hiww1237,r,"bisl1239, loto1240",yes,new phoneme,rhotic,historical rhotic changed to a prestopped velar lateral /g͡L/.,NA,hiww1237,Hiw,franccois2010hiw,NA,Einav Levanon,NA,NA,NA,aust1307,hiwl1234,Hiw,FALSE,language,definitely endangered,-13.126367,166.584857,hiw,NA,NA,0,0,0,VU,hiww1237,hiw,Papunesia,TRUE,Yes,No,,"franccois2010hiw: 396, 420-421",
415,kaga1255,r,stan1288,yes,new phoneme,rhotic,[ɾ] appears as an allophone of /d/ in native phonology.,NA,kaga1255,Kagan Kalagan,wendel1978kagankalagan,NA,Einav Levanon,NA,NA,NA,aust1307,kaga1259,Kagan Kalagan,FALSE,language,safe,7.10698,125.61,kll,NA,NA,0,0,0,PH,kaga1255,kll,Papunesia,TRUE,Yes,No,,"wendel1978kagankalagan: 193, 202",
416,kaga1256,r,stan1288,no,phonologization of allophone,rhotic,allophone of /d/ in native phonology.,NA,kaga1256,Kagayanen,harmon1977kagayanen,NA,Einav Levanon,NA,NA,NA,aust1307,nort2884,Kagayanen,FALSE,language,safe,10.4656,119.872,cgc,NA,NA,0,0,0,PH,kaga1256,cgc,Papunesia,TRUE,Yes,No,,harmon1977kagayanen: 21,
429,lamp1243,r,indo1316,yes,new phoneme,rhotic,commonly as [x].,NA,lamp1243,Lampung Api,walker1976lampungapi,NA,Einav Levanon,NA,NA,NA,aust1307,lamp1241,Lampung Api,FALSE,language,vulnerable,-5.73463,105.037,ljp,NA,NA,0,0,0,ID,lamp1243,ljp,Papunesia,TRUE,Yes,No,,walker1976lampungapi: 2-4,
436,mans1262,r,unknown,no,phonologization of allophone,rhotic,allophone of /l/ in native phonology. Exact phonetic description is not given.,NA,mans1262,Mansaka,svelmoe1974mansaka,NA,Einav Levanon,NA,NA,NA,aust1307,east2477,Mansaka,FALSE,language,vulnerable,6.79221,126.181,msk,NA,NA,0,0,0,PH,mans1262,msk,Papunesia,TRUE,Yes,No,,svelmoe1974mansaka: 15,
455,pang1290,r,stan1288,no,phonologization of allophone,rhotic,allophone of /d/ in native phonology.,NA,pang1290,Pangasinan,benton1971pangasinan,NA,Einav Levanon,NA,NA,NA,aust1307,west2550,Pangasinan,FALSE,language,safe,15.9377,120.365,pag,NA,NA,0,0,0,PH,pang1290,pag,Papunesia,TRUE,Yes,No,,benton1971pangasinan: 17-19,
457,patt1249,r,unknown,mostly,new phoneme,trill,appears also in ideophones. inherited Malay words have a velar fricative phoneme /ɣ/.,NA,patt1249,Pattani Malay,tadmor1995pattanimalay,NA,Einav Levanon,NA,NA,NA,aust1307,sing1270,Kelantan-Pattani Malay,FALSE,language,vulnerable,6.38148,101.41,mfa,NA,NA,0,0,0,MY TH,patt1249,mfa,Eurasia,TRUE,Yes,No,,tadmor1995pattanimalay: 183,
460,puka1242,ɾ,raro1241,yes,new phoneme,rhotic,commonly as [l].,NA,puka1242,Pukapuka,salisbury2002pukapuka,NA,Einav Levanon,NA,NA,NA,aust1307,nucl1485,Pukapuka,FALSE,language,definitely endangered,-10.91,-165.83,pkp,NA,NA,0,0,0,CK,puka1242,pkp,Papunesia,TRUE,Yes,No,,salisbury2002pukapuka: 19-21,
465,samo1305,r,stan1293,yes,new phoneme,rhotic,NA,NA,samo1305,Samoan,hunkin2009samoan,NA,Einav Levanon,NA,NA,NA,aust1307,samo1310,Samoan,FALSE,language,safe,-13.92,-171.83,smo,NA,NA,0,0,0,AS WS,samo1305,smo,Papunesia,TRUE,Yes,No,,hunkin2009samoan: 1,
476,tetu1246,r,macr1272,yes,new phoneme,no,alternates with [ɾ].,NA,tetu1246,Tetun Dili,williams2002tetun,NA,Einav Levanon,NA,NA,NA,aust1307,tetu1244,Tetun Dili,FALSE,language,safe,-8.58405,125.583,tdt,NA,NA,0,0,0,TL,tetu1246,tdt,Papunesia,TRUE,Yes,Yes,Yes,williams2002tetun: 10-11,
478,timu1262,ɾ,saba1263,no,phonologization of allophone,rhotic,allophone of /d/ in native phonology. many loanwords are pronounced according to native phonology. no minimal pairs. Source language: Sabah Malay,NA,timu1262,Timugon Murut,prentice1971murut,NA,Einav Levanon,NA,NA,NA,aust1307,nort3186,Timugon Murut,FALSE,language,vulnerable,5.1796,115.826,tih,NA,NA,0,0,9,MY,timu1262,tih,Papunesia,TRUE,Yes,No,,"prentice1971murut: 16-17, 27",
483,tsou1248,ɾ,nucl1643,yes,new phoneme,no,NA,NA,tsou1248,Tsou,tsuchida1975tsouic,NA,Einav Levanon,NA,NA,NA,aust1307,tsou1250,Tsou,FALSE,language,definitely endangered,23.216,120.787,tsu,NA,NA,0,0,5,TW,tsou1248,tsu,Papunesia,TRUE,Yes,Yes,No,tsuchida1975tsouic: 85-86,"from Japanese, marked /l/ in the source. maybe check more. The native /r/ ([ɻ]) is analyzed by Tung et al. (in ""A descriptive study of the Tsou language, Formosa"") as a dialectal vocalic phoneme that can usually be substituted with /e/"
491,waim1252,r,macr1272,yes,new phoneme,no,"acrolectal variety, via Tetum, usually [ɾ].",NA,waim1252,Waima'a,hull2002waimaha,NA,Einav Levanon,NA,NA,NA,aust1307,kawa1289,Waima'a,FALSE,language,definitely endangered,-8.53416,126.317,wmh,NA,NA,0,0,0,TL,waim1252,wmh,Papunesia,TRUE,Yes,Yes,Yes,hull2002waimaha: 5-8,
501,yuag1237,r,"stan1290, stan1293",yes,new phoneme,rhotic,exact phonetic representation is not given.,NA,yuag1237,Yuaga,schooling1992yuanga,NA,Einav Levanon,NA,NA,NA,aust1307,extr1244,Yuaga,FALSE,language,vulnerable,-20.5664,164.51,nua,NA,NA,0,0,2,NC,yuag1237,nua,Papunesia,TRUE,Yes,No,,schooling1992yuanga: 100,
506,furu1242,ɾ,"sang1328, stan1290",yes,new phoneme,rhotic,long [r] occurs in interjections,Eitan Grossman,furu1242,Furu,fuu_boyeldieu2000,fuu_boyeldieu2000_phon.pdf,Elad Eisen,NA,878,NA,cent2225,barh1234,Furu,FALSE,language,safe,4.485,20.6448,fuu,NA,NA,0,0,0,CD CF,furu1242,fuu,Africa,TRUE,Yes,No,,boyeldieu2000furu: 32-33,
519,cham1318,r,stan1288,yes,new phoneme,rhotic,"it's not specified if it is a trill rothic or a tap rothic, although from the transcriptions it should be trill",NA,cham1318,Chamicuro,parker1991chamicuro,NA,David Ginebra,NA,NA,NA,araw1281,cham1317,Chamicuro,FALSE,language,critically endangered,-5.1149,-75.6778,ccc,NA,NA,0,0,0,PE,cham1318,ccc,South America,TRUE,Yes,No,,"parker1991chamicuro: 18, 23-24",
554,koya1253,r,tagb1257,yes,unknown,to be checked,/r/ was only noted in one word: [bárá] 'work' loaned from Dioula Tagbusi.,NA,koya1253,Koyaga,creissels1988koyaga,NA,Yael Assouline,the status of /z/ might have been affected by the introduction of loan words into the Koyaga language.,NA,NA,mand1469,koro1315,Koyaga,FALSE,language,safe,8.29177,-6.23255,kga,NA,NA,0,0,4,CI,koya1253,kga,Africa,TRUE,Yes,No,,"creissels1988koyaga: 19, 31",
564,nort2980,r,amer1254,mostly,phonologization of allophone,trill,"Only in Tarma dialect it is a phonologization of an allophone. 
In San Pedro de Cajas dialect it is a new phoneme.",NA,nort2980,Tarma Quechua,Adelaar1977tarma,NA,David Ginebra,"Should we consider this grammar as two different doculects? Glottolog doesn't do so, but for our project it would be definatelly clearer, because sometimes the same sound is borrowed in one dialect but not in the other or sometimes it is a new phoneme in one dialect but a distrubutional change in the other.",NA,NA,quec1387,yaru1256,North Junín Quechua,FALSE,language,vulnerable,-11.2132,-75.8128,qvn,NA,NA,0,0,0,PE,nort2980,qvn,South America,TRUE,Yes,Yes,Yes,adelaar1977tarma: 31-37,
566,bank1256,ɾ,unknown,yes,new phoneme,no,NA,NA,bank1256,Bankon,atindogbe1996bankon,NA,Yuval Sarig,NA,NA,NA,atla1278,abob1234,Bankon,FALSE,language,vulnerable,4.3702,9.6403,abb,NA,NA,0,0,0,CM,bank1256,abb,Africa,TRUE,Yes,No,,atindogbe1996bankon: 16-17,
569,wehh1238,ɹ,stan1293,yes,new phoneme,unknown,"only one example for such a word: 
[tɹéndʒà]
'stranger, guest' 
from English 
pg. 9",NA,wehh1238,Weh,davison2009weh,NA,Yuval Sarig,NA,NA,NA,atla1278,west2835,Weh,FALSE,language,safe,6.46164,10.121,weh,NA,NA,0,0,0,CM,wehh1238,weh,Africa,TRUE,Yes,No,,davison2009weh: 8,
569,wehh1238,ɾ,adam1253,yes,new phoneme,unknown,"Only one example:
[dùɾù]
'ox'
from Fulfulde 
pg. 9",NA,wehh1238,Weh,davison2009weh,NA,Yuval Sarig,NA,NA,NA,atla1278,west2835,Weh,FALSE,language,safe,6.46164,10.121,weh,NA,NA,0,0,0,CM,wehh1238,weh,Africa,TRUE,Yes,No,,davison2009weh: 8,
573,zulu1248,r,unknown,no,unknown,rhotic,Also in onomatopeic sounds and bird calls,NA,zulu1248,Zulu,crothers1979zulu,NA,Haggai Kovatch,NA,NA,NA,atla1278,zulu1251,Zulu,FALSE,language,safe,-25.3305,31.3512,zul,NA,NA,0,0,6,BW LS MZ SZ ZA,zulu1248,zul,Africa,TRUE,Yes,No,,crothers1979zulu: 125,
574,fuli1240,r,kiny1244,mostly,phonologization of allophone,rhotic,"could be ɾ as it is a liquid.
contrasts with [l]",NA,fuli1240,Fuliiru,vanotterloo2011fuliiru,NA,Haggai Kovatch,NA,NA,NA,atla1278,fuli1242,Fuliiru,FALSE,language,safe,-3.04022,28.9865,flr,NA,NA,0,0,0,BI CD,fuli1240,flr,Africa,TRUE,Yes,No,,vanotterloo2011fuliiru: 9,
18,bafu1246,r,stan1293,no,to be checked,to be checked,"restricted distribution as an allophone of /l/ intervocally. Few words containing [r] are attested in the speech of a few educated speakers. These, I think, are words that are not yet fully integrated into the sound system of the language. In most words, /r/ in loanwords appears as [l]. does [r] occur in the relevant english variety? Source language uncertain",NA,bafu1246,Bafut,tamanji2009bafut,NA,Elad Eisen,NA,NA,NA,atla1278,bafu1247,Bafut,FALSE,language,safe,6.14153,10.1194,bfd,NA,NA,0,0,2,CM,bafu1246,bfd,Africa,TRUE,Yes,No,,tamanji2009bafut: 12-13,
25,beta1257,ʁ,unknown,yes,to be checked,to be checked,NA,NA,beta1257,Bétanure,mutzafi2008betanure,NA,KurdistanDB,NA,NA,NA,afro1255,lish1247,Bétanure,FALSE,dialect,safe,NA,NA,NA,NA,NA,0,0,0,NA,beta1257,NA,Eurasia,TRUE,Yes,Yes,Yes,mutzafi2008betanure: 17-19,
43,chiq1250,r,unknown,yes,to be checked,to be checked,(loan),NA,chiq1250,Chiquihuitlán Mazatec,PikePike1947,maq_SPA1979_phon.pdf,Steven Moran,NA,99,NA,otom1299,maza1308,Chiquihuitlán Mazatec,FALSE,language,definitely endangered,18.0541,-96.6659,maq,NA,NA,0,0,0,MX,chiq1250,maq,North America,TRUE,Yes,Yes,Yes,PikePike1947: 79-80,
50,copa1236,ɾ,unknown,yes,to be checked,to be checked,(loan),NA,copa1236,Copainalá Zoque,Wonderly1951,zoc_SPA1979_phon.pdf,Steven Moran,NA,83,NA,mixe1284,chia1261,Copainalá Zoque,FALSE,language,definitely endangered,17.2157,-93.3183,zoc,NA,NA,0,0,2,MX,copa1236,zoc,North America,TRUE,Yes,No,,Wonderly1951: 107,
50,copa1236,r,unknown,yes,to be checked,to be checked,(loan),NA,copa1236,Copainalá Zoque,Wonderly1951,zoc_SPA1979_phon.pdf,Steven Moran,NA,83,NA,mixe1284,chia1261,Copainalá Zoque,FALSE,language,definitely endangered,17.2157,-93.3183,zoc,NA,NA,0,0,2,MX,copa1236,zoc,North America,TRUE,Yes,No,,Wonderly1951: 107,
85,chal1275,rˤ,unknown,yes,to be checked,to be checked,NA,NA,chal1275,Hassane Neo-Aramaic (Christian NENA),jastrow1997hassane,NA,KurdistanDB,NA,NA,NA,afro1255,nort3241,Chaldean Neo-Aramaic,FALSE,language,definitely endangered,37.0972,43.5027,cld,NA,NA,0,0,7,IQ SY TR,chal1275,cld,Eurasia,TRUE,No,,,jastrow1997hassane,The source doesn't list borrowed phonemes
94,itza1241,r,stan1288,no,to be checked,to be checked,rarely in native words - onomatopoeias and sound-symbolic words,NA,itza1241,Itzá,hofling2000itzajmaya,NA,Elad Eisen,NA,NA,NA,maya1287,mopa1242,Itzá,FALSE,language,severely endangered,17.0269,-89.8734,itz,NA,NA,0,0,0,GT,itza1241,itz,North America,TRUE,Yes,No,,hofling2000itzajmaya: 3,
112,nort3142,rˤ,unknown,yes,to be checked,to be checked,NA,NA,nort3142,Anatolian Arabic,jastrow2006anatolianarabic,NA,KurdistanDB,NA,NA,NA,afro1255,qelt1235,North Mesopotamian Arabic,FALSE,language,safe,36.2986,42.0047,ayp,NA,NA,0,0,0,IQ JO SY TR,nort3142,ayp,Eurasia,TRUE,No,,,jastrow2006anatolianarabic: 88-89,Doesn't seem to be borrowed
154,mong1331,r,"russ1263, tibe1272",no,to be checked,to be checked,"natively never word-initially, borrowing has broadened its distribution",NA,mong1331,Mongolian,svantesson2005mongolian,NA,Elad Eisen,NA,NA,NA,mong1329,khal1273,Mongolian,FALSE,family,safe,NA,NA,mon,NA,NA,0,2,14,MN,NA,NA,Eurasia,TRUE,No,,,svantesson2005mongolian: 26,Not new phoneme
179,paez1247,ɾ,unknown,yes,to be checked,to be checked,(loan),NA,paez1247,Páez,Gerdel1973,pbb_SPA1979_phon.pdf,Steven Moran,NA,102,NA,NA,NA,Páez,FALSE,language,vulnerable,2.61516,-76.3125,pbb,NA,NA,0,0,2,CO,paez1247,pbb,South America,TRUE,Yes,No,,gerdel1973paez: 36,
181,para1311,r,unknown,yes,to be checked,to be checked,(loan),NA,para1311,Paraguayan Guaraní,"GregoresSuarez1967,Lunt1973,Uldall1956",gug_SPA1979_phon.pdf,Steven Moran,NA,119,NA,tupi1275,para1319,Paraguayan Guaraní,FALSE,language,safe,-25.60551,-57.08816,gug,NA,NA,0,0,1,AR PY,para1311,gug,South America,TRUE,Yes,Yes,Yes,GregoresSuarez1967: 91,
193,sana1291,rː,unknown,yes,to be checked,to be checked,NA,NA,sana1291,Sanandaj,khan2009sanandaj,NA,KurdistanDB,NA,NA,NA,afro1255,hula1244,Sanandaj,FALSE,dialect,safe,NA,NA,NA,NA,NA,0,0,0,NA,sana1291,NA,Eurasia,TRUE,Yes,Yes,Yes,khan2009sanandaj: 16,See mccarus2009kurdish: 592 for rhotic distinction in Kurdish
209,sout2991,r,stan1288,yes,to be checked,to be checked,(loan),NA,sout2991,South Bolivian Quechua,"Bills_etal1969,Lastra1968,Lastra1968,Parker1969",quh_SPA1979_phon.pdf,Steven Moran,NA,104,NA,quec1387,boli1262,South Bolivian Quechua,FALSE,language,safe,-20.9201,-66.3331,quh,NA,NA,0,0,6,AR BO CL,sout2991,quh,South America,TRUE,Yes,Yes,Yes,SPA: 465,
210,sout2982,ɾ,unknown,yes,to be checked,to be checked,(loan),NA,sout2982,Southeastern Pomo,Moshinsky1974,pom_SPA1979_phon.pdf,Steven Moran,NA,89,NA,pomo1273,pomo1273,Southeastern Pomo,FALSE,language,extinct,38.9354,-122.599,pom,NA,NA,0,0,0,US,sout2982,pom,North America,TRUE,Yes,No,,SPA: 426-427,
211,sout2961,r,unknown,yes,to be checked,to be checked,(loan),NA,sout2961,Southern Tiwa,Trager1971,tix_SPA1979_phon.pdf,Steven Moran,NA,92,NA,kiow1265,tiwa1255,Southern Tiwa,FALSE,language,definitely endangered,34.7873,-106.661,tix,NA,NA,0,0,2,US,sout2961,tix,North America,TRUE,Yes,No,,SPA: 436-438,
216,sule1243,r,unknown,yes,to be checked,to be checked,NA,NA,sule1243,Suleimaniya Neo-Aramaic,khan2004sulemaniyya,NA,KurdistanDB,NA,NA,NA,afro1255,hula1244,Suleimaniya,FALSE,dialect,safe,NA,NA,NA,NA,NA,0,0,0,NA,sule1243,NA,Eurasia,TRUE,Yes,Yes,Yes,khan2004sulemaniyya: 19-21,
233,ticu1245,ɾ,unknown,unknown,to be checked,to be checked,"(loan,allo) spaAllophoneDescription: [l]",NA,ticu1245,Ticuna,"Anderson1959,Anderson1962",tca_SPA1979_phon.pdf,Steven Moran,NA,115,NA,ticu1244,ticu1244,Ticuna,FALSE,language,vulnerable,-3.66289,-69.8723,tca,NA,NA,0,0,0,BR CO PE,ticu1245,tca,South America,TRUE,No,,,SPA: 489-491,Not sure if borrowed
247,tzel1254,r,unknown,yes,to be checked,to be checked,(loan),NA,tzel1254,Tzeltal,Kaufman1971,tzh_SPA1979_phon.pdf,Steven Moran,NA,86,NA,maya1287,tzel1253,Tzeltal,FALSE,language,safe,16.6384,-92.2786,tzh,NA,NA,0,0,2,MX,tzel1254,tzh,North America,TRUE,Yes,Yes,Yes,Kaufman1971: 13,
267,gura1251,ʁ,unknown,yes,to be checked,to be checked,NA,NA,gura1251,Zarda Gorani,mahmoudveysi2013zardagorani,NA,KurdistanDB,NA,NA,NA,indo1319,gora1267,Gurani,FALSE,language,vulnerable,36.8377,44.4956,hac,NA,NA,0,0,6,IQ IR,gura1251,hac,Eurasia,TRUE,Yes,Yes,Yes,mahmoudveysi2013zardagorani: 12-14,
273,hind1269,ʁ,unknown,yes,to be checked,to be checked,(loan),NA,hind1269,Hindi,"Kelkar1968,VermeerSharma1966,Pinnow1953,Srivastava1969",hin_SPA1979_phon.pdf,Steven Moran,NA,176,NA,indo1319,hind1270,Hindi,FALSE,language,safe,25,77,hin,NA,NA,0,0,4,BD BT IN NP,hind1269,hin,Eurasia,TRUE,Yes,Yes,Yes,SPA: 152-154,From Arabic (shukla2000hindi: 37)
273,hind1269,ɽ̃,unknown,unknown,to be checked,to be checked,"(allo,loan)",NA,hind1269,Hindi,"Kelkar1968,VermeerSharma1966,Pinnow1953,Srivastava1969",hin_SPA1979_phon.pdf,Steven Moran,NA,176,NA,indo1319,hind1270,Hindi,FALSE,language,safe,25,77,hin,NA,NA,0,0,4,BD BT IN NP,hind1269,hin,Eurasia,TRUE,Yes,Yes,Yes,Kelkar1968: 36-37,"From sanskrit, where it is an allophone of /ɳ/"
276,aleu1260,r,unknown,yes,to be checked,to be checked,(loan),NA,aleu1260,Aleut,"Bergsland1956,Bergsland1959,Menovshchikov1968,Jakobson1944",ale_SPA1979_phon.pdf,Steven Moran,NA,61,NA,eski1264,eski1264,Aleut,FALSE,language,definitely endangered,52.1228,-174.29,ale,NA,NA,0,0,2,RU US,aleu1260,ale,North America,TRUE,Yes,Yes,No,SPA: 352,Description not so clear
279,sanm1295,r,stan1288,yes,to be checked,to be checked,(loan),NA,sanm1295,San Miguel El Grande Mixtec,HunterPike1969,mig_SPA1979_phon.pdf,Steven Moran,NA,100,NA,otom1299,west2824,San Miguel El Grande Mixtec,FALSE,language,vulnerable,17.0777,-97.5432,mig,NA,NA,0,0,4,MX,sanm1295,mig,North America,TRUE,Yes,No,,SPA: 456-457,
283,taga1270,ɾ,unknown,unknown,to be checked,to be checked,"(loan,surface)",NA,taga1270,Tagalog,"SchachterOtanes1972,Bloomfield1917",tgl_SPA1979_phon.pdf,Steven Moran,NA,37,NA,aust1307,taga1269,Tagalog,FALSE,language,safe,14.06,121.747,tgl,NA,NA,0,0,8,PH,taga1270,tgl,Papunesia,TRUE,No,,,SPA: 302-303,Not sure if a new phoneme
313,nene1249,r,unknown,unknown,to be checked,to be checked,NA,NA,nene1249,Tundra Nenets,nikolaeva2014tundranenets,NA,Aigul Zakirova,NA,NA,NA,ural1272,nene1251,Tundra Nenets,FALSE,language,definitely endangered,66.1775,71.0234,yrk,NA,NA,0,0,3,RU,nene1249,yrk,Eurasia,TRUE,No,,,nikolaeva2014tundranenets: 19,Not new phoneme